Question,Answer
من هو أول من نزل على سطح القمر ؟,نيل أمسترونج
كم عدد الأسنان في فم الإنسان العادي ؟,32 سنا
كم عدد أعين الذبابة ؟,5 أعين
كم عدد أرجل العنكبوت ؟,8 أرجل
ماذا يسمى بيت النمل ؟,قرية النمل
كم عظمة توجد في جسم الإنسان  ؟,206 عظمات
أين تقع جزيرة لانجرهانز ؟,في البنكرياس
ماذا يطلق على صوت الماء ؟,خرير
من الذي اكتشف الصفر ؟,العرب
ماذا يسمى ابن الأسد ؟,شبل
ما إسم الكواكب التى وجد فيها الذهب أكثر من غيرها ؟,عطارد - الزهرة - المريخ
ما إسم أكبر بحار العالم ؟,البحر الأبيض المتوسط
ما إسم أطول نهر في العالم ؟,نهر النيل
كم عدد الخلفاء الراشدين ؟,4 خلفاء
ما هي عاصمة الأرجنتين ؟,بونس آيرس
أين يقع مقام سيدنا إبراهيم عليه السلام ؟,في مكة المكرمة
من هم الذين حاولوا هدم الكعبة المشرفة ؟,الأحباش
كم عدد فرائض الوضوء ؟,7 فرائض
كم عدد الصمامات في قلب الإنسان ؟,4 صمامات
من هو النبي الملقب بأبي الأنبياء ؟,سيدنا إبراهيم عليه السلام
ما إسم عاصمة هولندا ؟,أمستردام
لماذا لقب سيدنا عثمان بن عفان بذي النورين ؟,لأنه تزوج بنتان من بنات الرسول
لماذا لقب سيدنا يونس بهذا بصاحب الحوت ؟,لأنه لبث أربعين يوما في بطن الحوت
من أول من آمن بالرسول صلى الله عليه وسلم من العبيد؟,سيدنا بلال بن رباح
من هو سيف الله المسلول ؟,سيدنا خالد بن الوليد
من هي صاحبة الجلالة ؟,الصحافة
ماذا يطلق على صوت القلم ؟,صرير
كم عدد الحواريين الذين اتبعوا سيدنا عيسى عليه السلام ؟,12 حواري
ماذا يسمى ابن الكلب ؟,جرو
ما هو قلب القرءان ؟,سورة يس
ما هي السورة التي لا يوجد بها حرف الفاء ؟,سورة الفاتحة
ما إسم السورة التي لا تخلوا من ذكر الله ؟,سورة المجادلة
كم عدد سور القرءان الكريم ؟,114 سورة
لماذا سمي كوكب المريخ بالكوكب الأحمر ؟,بسبب لون صخوره الحمر ؟
من هو مكتشف كوكب أورانس ؟,وليم هرشن
كم يبلغ قطر الشمس ؟,70.000.000 مليون كم2
ماذا يسمى صوت الحمار ؟,نهيق
كم يعادل كوكب المشتري كوكبا من الأرض ؟,1300 كوكب
من هو النبي الوحيد الذي رأى وتكلم مع الله سبحانه وتعالى ؟,سيدنا محمد صلى الله عليه وسلم
من هو قائد الملائكة ؟,سيدنا جبريل عليه السلام
كم سنة عاش سيدنا محمد صلى الله عليه وسلم ؟,63 سنة
ماذا يسمى صوت الديك ؟,صياح
ما إسم والدة السيد المسيح عليه السلام ؟,السيدة مريم عليها السلام
ما إسم النبيان اللذان رفعهما الله إلى السماء ؟,سيدنا عيسى وإدريس عليهما السلام
ما هي عاصمة روسيا ؟,موسكو
كم يبلغ متوسط دقات قلب الإنسان في الدقيقة ؟,حوالي 72 - 80 دقة في الدقيقة
كم يعادل كوكب زحل كوكبا من الأرض ؟,حوالي 750 كوكب
ما هي عملة مصر ؟,الجنيه
ما هو أكبر وأضخم حيوان في العالم ؟,الحوت الأزرق
كم عدد بنات الرسول صلى الله عليه وسلم ؟,4 بنات
ما هي نوع الموسيقى التي اشتهر بها الزنوج الأمريكيون ؟,الجاز
أين يقع سد مأرب ؟,في اليمن
ما إسم الصحابي الذي أشار للرسول صلى الله عليه وسلم بحفر الخندق ؟,سيدنا سلمان الفارسي
من هو أمير الشعراء ؟,أحمد شوقي
ما إسم العنصر الذي يوجد في جميع المركبات العضوية ؟,الكربون
ما إسم أول كوكب حطت عليه مركبة (باث فيندر) ؟,كوكب المريخ
ما هي عملة الإمارات ؟,الدرهم
كم يبلغ طول جسر الملك فهد ؟,25 كم
ما هو نوع الشجرة الموجودة على العلم اللبناني ؟,شجرة الأرز
ما إسم البلد الوحيد الذي ذكر في القرآن الكريم ؟,مصر
ما هي عملة المملكة العربية السعودية ؟,الريال
أين يقع المسجد الأموي ؟,في دمشق
كم عدد الخلايا السمعية التي توجد في الأذن ؟,100 ألف خلية
ما هي سفينة الصحراء ؟,الجمل
ماذا يسمى بيت العصفور ؟,عش
ما هي عاصمة المغرب ؟,الرباط
ما هو العضو الذي لم يتمكن الأطباء من زرعه حتى الآن ؟,الدماغ
ما هو الإسم الحقيقي للرئيس الجزائري السابق ((هواري بو مدين)) ؟,محمد بو خروبة
من هو الرحالة الذي اكتشف أستراليا ؟,كوك
ما هي عاصمة اليابان ؟,طوكيو
من هو الرحالة الذي اكتشف نيوزلندا ؟,الهولندي تسمان
ما إسم البلدان اللذان يصل بينهما جسر الملك فهد ؟,السعودية والبحرين
ما هي عملة إسبانيا ؟,البيتزا خاما
كم عدد أجنحة النحلة ؟,4 أجنحة
كم كلية توجد في جسم الإنسان السليم ؟,كليتان
ما إسم المرأة الوحيدة التي ورد ذكرها في القرءان الكريم ؟,السيدة مريم عليها السلام
مما تتكون أنياب الفيل ؟,من العاج
من هو أول من عبر المحيط الأطلسي بالطائرة ؟,تشارليزند نبرع
من أول من أم المسلمين في صلاتهم ؟,مصعب بن عمير
ما هو اسم المدينة التي لقبت بمدينة الشمس ؟,مدينة بعلبك
ما هي السورة الملقبة بعروس القرءان ؟,سورة الرحمن
من هو القائد الذي قاد المسلمين في معركة عين جالوت ؟,سيف الدين قطز
من هو الصحابي الذي تستحي منه الملائكة ؟,سيدنا عثمان بن عفان
ما إسم زوجة الرسول التي توفيت بعده وقبل سائر زوجاته ؟,السيدة زينب بنت جحش
ما إسم أطول آية في القرءان الكريم ؟,آية الدين في سورة البقرة
في أي عهد من عهود الخلفاء الراشدين كانت حروب الردة ؟,في عهد سيدنا أبو بكر الصديق
في أي عهد من عهود الخلفاء الأمويين فتحت الأندلس ؟,في عهد الوليد بن المغيرة
ماذا كان إسم البحر الأحمر قديما ؟,بحر لوط
من هو الخليفة العباسي الذي كان يحج عاما ويغزو عاما ؟,هارون الرشيد
ما إسم الصحابي الذي استضاف الرسول صلى الله عليه وسلم بعد الهجرة إلى يثرب ؟,سيدنا أبو أيوب الأنصاري
ما هو إسم المرأة التي تزوجت 4 من أصحاب الرسول صلى الله عليه السلام وماتوا شهداء ؟,عاتكة بنت زيد
من هو الصحابي الذي خرج مع الرسول صلى الله عليه وسلم إلى الطائف ؟,زيد بن حارثة
في أي بيت من زوجات الرسول توفي هو ؟,في بيت عائشة بنت أبي بكر الصديق
ما إسم آخر غزوة قادها الرسول صلى الله عليه وسلم ؟,غزوة تبوك
ما هو إسم المدينة المنورة قديما ؟,يثرب
من هو زعيم الغابة ؟,الأسد
ما هو إسم المرأة التي حاولت قتل النبي صلى الله عليه وسلم بالسم ؟,زينب بنت الحارثة (( يهودية ))
ما إسم أول مولود في الإسلام ؟,سيدنا عبد الله بن الزبير
في أي عهد من عهود الخلفاء الراشدين كانت معركة القادسية ؟,في عهد سيدنا عمر بن الخطاب
من هو أول من آمن من المدينة المنورة ؟,سيدنا أسعد بن زرارة ؟
ما هي السورة الوحيدة التي تخلو من البسملة ؟,سورة التوبة
من هو مؤسس الدولة الأموية ؟,معاوية بن أبي سفيان
ما هو الإسم الحقيقي للسيدة زينب بنت جحش ؟,برة
من الذي غير إسم السيدة زينب بنت جحش إلى,برة ؟
الرسول صلى الله عليه وسلم,من هي آخر زوجات النبي صلى الله عليه وسلم ؟
السيدة ميمونة بنت الحارث,ماذا يسمى ذكر السلحفاة ؟
الغليم,ما هي السورة التي تكررت فيها البسملة مرتين ؟
سورة النمل,ماذا يسمى صوت الأسد ؟
زائير,من هي المرأة التي كانت بنت نبي وزوجة نبي ؟
هي بنت النبي شعيب وزوجة النبي موسى,عليهما السلام ؟
كم كان عمر الرسول صلى الله عليه وسلم عندما توفيت أمه ؟,6 سنوات
في أي سنة تم فتح مكة ؟,في السنة الثامنة للهجرة
ما إسم النبي الذي صام ثلاثة أيام حتى رزقه الله ولدا ؟,سيدنا زكريا
ما هي المدينة المسماة بقبة الإسلام ؟,مدينة البصرة
من هي زوجة الرسول التي جاءها جبريل عليه السلام يقرؤها السلام من عند الله ؟,السيدة خديجة بنت خويلد
من هو أول شهيد في غزوة بدر الكبرى ؟,عمير بن الوقاص
كم عدد التكبيرات في صلاة الجنازة ؟,4تكبيرات
في أي عام وقعت حادثة الإفك ؟,في السنة السادسة للهجرة
ما هي المدينة التي سميت بالبتراء ؟,مدينة سلع
كم سعرة حرارية في الماء ؟,لاشيء
أين يوجد دماغ الإنسان ؟,في جمجمته
ما الذي يسبب التثاؤب للإنسان ؟,النعاس
أين يوجد اللعاب ؟,في الفم
في أي قارة توجد دولة السويد ؟,في قارة أوروبا ؟
من أول وزير خارجية للمملكة العربية السعودية ؟,فيصل بن عبد العزيز
في أي سنة ميلادية نزلت الرسالة على سيدنا محمد صلى الله عليه وسلم ؟,عام 610 م
كم دقيقة في الساعة ؟,60 دقيقة
ما هو الشاطئ الذي تقع عليه مدينة بيروت ؟,شاطئ البحر المتوسط
من أول وزيرة خارجية تتولى هذا المنصب في العالم ؟,حكمت أبو زيد
على من انتصر العرب في معركة عين جالوت ؟,على المغول
كم دماغا للدودة ؟,11 دماغا
متى أصبحت ألا سكا ولاية تابعة للأمم المتحدة ؟,عام 1912
ماذا يسمى بيت الأسد ؟,عرين
أين يعيش الدب القطبي ؟,القطب الشمالي
ما هي صلة القرابة بين الرسول صلى الله عليه وسلم وعدوه اللدود أبو لهب ؟,عمه
كم يبلغ عدد الصلوات التي فرضها الله في اليوم والليلة ؟,5 صلوات
ما الشيء الذي لا تراه و لكنه أمامك ؟,المستقبل
ما هي الدولة التي ألقت القنبلة الذرية على هيروشيما ؟,الولايات المتحدة الأمريكية
كم سنة استمرت الحرب بين فرنسا وبريطانيا ؟,100 عام
من هي عروس الجنوب؟,سناء محيدلي
مرض ينتج عن قلة الأنسولين في الجسم ؟,السكري
ما الدولة العربية التي وصلت لدور 16 من كأس العالم 1934 ؟,مصر
من هي ملكة سبأ في عهد سيدنا سليمان؟,بلقيس
من الذي وضع علم النحو؟,أبو الأسود الدؤلي
حيوان يعيش في أعماق البحر ولا يتحرك؟,المرجان
ما أقدم عائلة إمبراطورية تحكم منذ660 ق م حتى الآن ؟,العائلة اليابانية
مدينة أوروبية تسمى التلال السبعة؟,رومــــــا
كم تبلغ مساحة جبل طارق؟,6 كم مربع
من هو زوج فاطمة بنت الخطاب ؟,سعيد بن زيد
كم تبلغ مساحة الوطن العربي؟,14 مليون كم مربع
كم تبلغ مساحة الكرة الأرضية؟,510210000 كم مربع
ماذا كانت ديانة الفرس قبيل الإسلام ؟,النار ويسمون المجوس
ماذا يسمى صوت الغراب؟,نعيق
أين توجد جزر الكناري؟,إسبانيا
من الذي اخترع الراديو؟,مدام كوري
من هو مخترع الرادار ؟,نايلو ريونج
ما الطائر المسمى الهيثم الأسفح ؟,الصقر
متى تأسست جامعة الدول العربية ؟,1945 م
ما هو أصل الشاعر عمر الخيام ؟,فارسي
ما عاصمة المغرب ؟,الرباط
ما أكبر الدول العربية إنتاجا للموز؟,الصومال
ما عاصمة الصومال ؟,مقديشو
من مخترع الهاتف ؟,الكسندر غراهام بيل
من هو مخترع التيار الكهربي؟,توماس أديسون
من أول وزير خارجية للمملكة السعودية؟,فيصل بن عبدالعزيز
كم دامت خلافة علي بن أبي طالب؟,5 سنوات
مدينة عربية تعتبر أكثر المدن ازدحاما بالسكان ؟,القاهرة
ما هما الثقلان؟,الإنس والجن
في أي قارة تقع شبه الجزيرة العربية؟,قارة آسيا
ما أطول سورة قرآنية بالآيات ؟,البقرة
متى اندلعت الحرب العالمية الثانية ؟,1939
ما الآية التي أعطيت لقوم ثمود ؟,الناقة
ما هي أكبر بحيرة صناعية في الوطن العربي؟,بحيرة ناصر
من القوم الذين أنزل عليهم المن والسلوى؟,قوم موسى عليه السلام
من القائد الذي قام بثورة ضد الاستعمار الإيطالي في ليبيا؟,عمر المختار
من هو النبي الذي رموه إخوته في البئر؟,سيدنا يوسف
من هي أول امرأة مسلمة ماتت في غزوة بحرية؟,أم مسلمة
أين توجد بحيرة كونستانس ؟,توجد في ألمانيا
كم مدينة في العالم تحمل اسم الإسكندرية ؟,44 مدينة
ما اسم أول جراح قام بأول عملية زرع قلب في العالم ؟,كرسيتيان برنار
من هو أول رئيس للجمهورية السورية ؟,محمد عابد
كم مرة احتلت القدس منذ فجر التاريخ ؟,24 مرة
من هو الإمبراطور الذي قام ببناء سور الصين العظيم ؟,هوانغ تي
موسيقار ألماني له تسع سيفونات والتاسعة هي الأشهر؟,بيت هوفن
في أي عام أقيم مهرجان الجنادرية للثقافة والتراث لأول مرة ؟,سنة 1985
لماذا سمي سيدنا نوح بهذا الإسم ؟,لكثرة نواحه وبكائه
في أي سنة تم صلح الحديبية؟,في السنة السادسة للهجرة
في أي سنة هجرية توفي صلى الله عليه وسلم؟,في السنة11 للهجرة
ما هو أصل أوكسترا ؟,يوناني
كم عدد الأولاد الذكور للملك عبد العزيز ؟,36 ذكر
حيوان ليس له جهاز صوتي؟,الزرافة
دولة يمر فيها نهر الفرات قبل العراق ؟,سوريا
من هو مؤسس الدولة الأموية في الأندلس؟,عبد الرحمن الداخل
كم عدد الجمهوريات في الاتحاد السوفيتي قبل انهياره ؟,15 جمهورية
ما عاصمة ليبيا ؟,طرابلس
بما أهلك الله قوم نوح عليه السلام ؟,الطوفان
ما الدولة الأوروبية التي استعمرت إندونيسيا ؟,هولندا
ما عاصمة بريطانيا ؟,لندن
ما هي الدولة التي انفصلت عنها بنغلادش عام1971 ؟,باكستان
من البطل الذي استشهد بمعركة ميسلون ؟,يوسف العظمة
ما عاصمة جزيرة هوكايدا اليابانية ؟,سابورو
من هو مؤلف كتاب التهافت التهافت ؟,ابن رشد
ما عاصمة مدغشقر ؟,انتاناناريفو
ما اسم زي الرجال في السنغال ؟,البوبو
كم خلية في جسم الإنسان ؟,ملايين الخلايا
في أي مدينة ولد السيد المسيح ؟,في بيت لحم
ما أشهر جوائز العالم ؟,جوائز نوبل
كم عدد الدول التي لها حق الفيتو في العالم ؟,5 دول
ما عاصمة الشيشان ؟,غروزني
متى اغتيل المهاتما غاندي ؟,1948
من الديانات المهمة في اليابان ومعناها الطريق إلى الآلهة ؟,الشنتو
كم حرب عالمية حدثت حتى الآن ؟,حربان
ما عاصمة جزر القمر ؟,موروني
من أين نحصل على طبق الكاري ؟,من الهند
حيوان يستخرج منه العنبر ؟,الحوت
في أي بلد نشأت رياضة الجودو ؟,الصـيـن
آية قرآنية توجد بها جميع الحروف الأبجدية ؟,آخر آية من سورة الفتح
سورة سميت بسورة القتال ؟,سورة محمد صلى الله عليه وسلم
سورة سميت بسورة التنزيل ؟,سورة الزمر
سورة سميت بسورة الصدّيق ؟,سورة يوسف عليه السلام
كم يستغرق وصول ضوء الشمس إلى الأرض ؟,ثمان دقائق وثلاث ثوان
من الذي أطلق على مصر أنها أرض الكنانة ؟,عمرو بن العاص
ما اسم أول دولة عربية عرفت الصحافة ؟,مصر
من أول من وضع علم الجبر ؟,جابر بن حيان
من الذي لقب بأمير الشعراء ؟,أحمد شوقي
من هي التي لقبت بالخنساء ؟,تماضر بنت عمرو بنت الرشيد
في أي سنة أقيمت أول بطولة لكرة القدم في العالم؟,عام 1930
كم عدد أجزاء القرآن الكريم ؟,30 جزء
من الذي ابتكر اسم الأمم المتحدة ؟,روزفلت
من أول من رسم أول خريطة في العالم ؟,الإدريسي
ما أكبر دولة لإنتاج النفط في العالم ؟,السعودية
كم عدد الدول العربية في العالم ؟,22 دولة
ما الدولة الأوروبية التي استعمرت إرتريا وليبيا والصومال ؟,إيطاليا
من الذي كان أول حاكم للأندلس ؟,موسى بن نصير
متى وقع زلزال الأصنام شمال غرب الجزائر ؟,عام 1980
ما هي عاصمة الإمارات,أبو ظبي
ما الدولة التي استعمرت لبنان وسوريا والجزائر ؟,فرنسا
ما عاصمة البحرين ؟,المنامة
من الذي أسس جامع الأزهر في القاهرة؟,جوهر الصقلي
ما معنى كلمة ريال باللغة الإسبانية ؟,ملكي
في أي مدينة يوجد المسجد النبوي الشريف ؟,في المدينة المنورة
من الذي رسم لوحة الموناليزا ؟,ليوناردو دافنشي
من النبي الذي لم يكن له أب فقط ؟,سيدنا عيسى عليه وسلم
من النبي الذي لقب بصاحب الحوت ؟,سيدنا يونس عليه السلام
من النبي الذي عرف منذ صغره بالجمال ؟,سيدنا يوسف عليه السلام
ما البلد الذي ورد ذكره في القرآن الكريم لفظا ؟,مصر
ما الإسم الحقيقي لنبي الله إسرائيل عليه السلام ؟,سيدنا يعقوب عليه السلام
كم سنة يساوي العقد ؟,10 سنوات
ما الدولة التي استعمرت الهند ومصر والسودان ؟,بريطانيا
من الرئيس الأمريكي الذي أرغم على تقديم استقالته قبل انتهاء ولايته ؟,نيكسون
في أي عام تم تتويج الملكة إليزابيت ملكة على المملكة المتحدة ؟,عام 1953
ماذا يسمى صوت الجرس ؟,رنين
ما الذي يعتمد عليه التقويم الهجري ؟,القمر
ما الجزء الذي يسمى المح من البيضة ؟,الصفار
ما اسم الممر الذي يصل البحر الأبيض بالمتوسط ؟,قناة السويس
كم عدد الصحابة المبشرون بالجنة ؟,10 أصحاب
متى استقلت الكويت ؟,عام 1961
دولتان يقع بينهما مضيق جبل طارق ؟,المغرب وإسبانيا
ما اسم أكبر خليج في العالم ؟,خليج المكسيك
دولة عربية حكمها جعفر النميري ؟,السودان
شهر هجري أنزل فيه القرآن ؟,شهر رمضان
ما الإسم الذي تعرف به مدينة إسطنبول ؟,القسطنطينية
متى وقع زلزال أغادير في المغرب ؟,عام 1960
ما هي عملة فرنسا ؟,الفرنك
أين تقع مدينة سوسة ؟,تقع في ليبيا وفي تونس
ما الإسم الذي اشتهر به جنود الجيش الثامن البريطاني خلا ل الحرب العالمية الثانية ؟,فئران الصحراء
قارة تعرف بالقارة السمراء ؟,أفريقيا
كم يستغرق زمن مباراة كرة القدم ؟,ساعة ونصف
ما السباق المعروف بالرالي ؟,سباق السيارات
ما عاصمة فنلندا ؟,هلسنكي
ما عاصمة ولاية تكساس الأمريكية ؟,أوستن
ما اسم ذكر الأرنب ؟,الخزر
من الذي قتل سيدنا عمر بن الخطاب ؟,أبو لؤلؤة المجوسي
في أي مدينة أمريكية وقع ميثاق الأمم المتحدة ؟,تالاهاسي
من النبي الذي دعا ربه قائلا رب نجني وأهلي مما يعملون ؟,سيدنا لوط عليه السلام
كم عدد الفقرات في رقبة الزرافة ؟,سبع فقرات
ما اسم أول مؤذن في الإسلام ؟,بلال بن رباح
من أي صنف التي تنتمي إليه السلاحف ؟,الزواحف
أين حطت المركبة الفضائية الأمريكية أبولو 11 في عام 1969 ؟,سطح القمر
ماذا تعني الحروف (d N A) بالعربي ؟,الحمض النووي منزوع الأكسجين
في أي مدينة يقع المسجد الإبراهيمي الشريف ؟,في مدينة الخليل بفلسطين
من الذي وضع نظام الهندسة المسطحة ؟,إقليدس
من هو الخليفة العباسي الثامن الذي تزوج 8 مرات وله 8 أولاد وحكم 8 سنوات ؟,المعتصم بالله
ما الإسم الحقيقي لبيليه نجم الكرة البرازيلي ؟,أديسون أريتس
من الذي اكتشف نهر الأمازون ؟,أمريغو فيسبوتشي
متى اكتشف نهر الأمازون ؟,عام 1499
إحدى بنات الرسول صلى الله عليه وسلم وتلقب بالزهراء ؟,السيدة فاطمة
ما درجة غليان الماء بالفهرنهايت ؟,212 درجة
ما درجة تجمد الماء بالفهرنهايت ؟,32 درجة
كم ملكة لخلية النحل الواحدة ؟,ملكة واحدة فقط
زعيم عربي مغربي ثار ضد الأسبان عام 1919 ؟,عبد الكريم الخطابي
ولاية أمريكية عاصمتها أولومبيا ؟,واشنطن
قرص شفاف يشكل الجزء الخارجي للعين ؟,القرنية
ما عاصمة قرغيزستان؟,بشكيك
أين أسست الدولة الفاطمية ؟,تونس
كم زوجة تزوج الملك البريطاني هنري الثامن ؟,6 زوجات
ما عاصمة منغوليا ؟,أولا باتور
كم عدد الدول العربية التي عملتها الريال في شبه الجزيرة العربية ؟,4 دول
ما الولاية الأمريكية التي عاصمتها فرانكفورت ؟,كنتاكي
مدينة سورية ومنطقة في الكويت لهما نفس الإسم ؟,تدمر
من هو مخرج ثلاثية الكاتب نجيب محفوظ ؟,حسن الإمام
كم دولة عربية عملتها الدينار في أفريقيا ؟,4 دول
من الخليفة العباسي الذي لقب بالمقتدر بالله ؟,جعفر بن أحمد
ما أصل كلمة فساتين ؟,فارسي
من الذي تولى رئاسة سوريا بعد جمال عبد الناصر ؟,ناظم القدسي
كم مرة وردت (فبأي آلاء ربكما تكذبان ) في سورة الرحمن ؟,31 مرة
ما عاصمة إيطاليا ؟,روما
ما ذا يسمى صغير الفرس ؟,مهر
ما الدولة المنتجة لسيارات الفولفو ؟,السويد
من الفرعون الذي قام ببناء تمثال أبو الهول في مصر ؟,الفرعون خفرع
ما عاصمة العراق ؟,بغداد
كم ضلعا لشبه المنحرف ؟,4 أضلاع
ماذا تسمى أنثى الحمار ؟,الأتان
متى كانت أول حملة صليبية على القدس ؟,عام 1099 م
ما عاصمة سلطنة عمان ؟,مسقط
كم دولة عربية يمر فيها نهر الفرات ؟,دولتان
في أي يوم يتشاجر النمل الأبيض مع النمل الأسود ويتشاجر النمل الأخضر مع البني للحصول على رحيق الزهر الأحمر والأبيض ؟,يوم 3 ربيع الأول
كم عدد أيام السنة على كوكب عطارد ؟,88 يوم
من الذي اخترع السماعة التي تستعمل في الطب ؟,رينيه لاينيك
من الذي ابتكر شخصية طرزان ؟,ادغار بوروز
ما العملة الرئيسية لسوريا ؟,الليرة
كم عدد الدول العربية التي لها نفس اسم عاصمتها ؟,4 دول
من الخليفة الراشدي الذي مات ولم يقتل ؟,أبو بكر الصديق
من أول رئيس لإندونيسيا بعد أن نالت استقلالها ؟,سو كارنو
ما اللون الذي ينتج عن تجمع ألوان الطيف السبعة ؟,اللون الأبيض
كم دولة يمر فيها نهر النيل ؟,9 دول
من هي أول شهيدة في الإسلام ؟,سمية امرأة سيدنا ياسر
ما الإسم الحقيقي للرئيس الراحل ياسر عرفات ؟,محمد رؤوف القدوة
ما الدولة الأولى في إنتاج الفضة؟,المكسيك
ما أغلى أنواع التوابل ثمنا ؟,الزعفران
أي الدول العربية التي يجري بها نهر أم الربيع ؟,المغرب
كم عدد الدول العربية التي عملتها الدينار ؟,8 دول
كم عدد الكويكبات ما بين المريخ والمشتري؟,حوالي 1500 كويكب
كم نسبة الماء على سطح الأرض نسبة لليابس ؟,71%
كم نسبة اليابس على سطح الأرض نسبة للماء ؟,29%
ما أطول الحروب في العالم ؟,حرب فرنسا وبريطانيا استمرت 100 عام
الحوت .هل يبيض أم يلد؟,يلد.
ماذا يسمى صوت الماء؟,خرير.
 كم عدد كلمات سورة الفاتحة؟ وكم عدد حروفها؟,19كلمة/ 124 حرف (على رواية قالون عن نافع )
 ما المعجزة الكبرى محمد بن عبد الله.صلى الله عليه وسلم ؟,القرآن الكريم
 أيهما أطول السنة الشمسية أم القمرية؟,السنة الشمسية.
 بيت النمل اسمه:قرية- خلية- وكر؟,قرية.
ما أشهر قبيلتين في المدينة المنورة؟,الأوس والخزرج .
 ما أول الناس إسلاماً من الرجال- النساء-الأطفال؟,من الرجال أبو بكر الصديق-من النساء خديجة بنت خويلد- من الأطفال على بن أبى طالب .
 ما إسم صغير الدجاج؟,كتكوت
 ما أكبر مدينة في الوطن العربى سكانا ؟,القاهرة.
 ماذا تسمى الفتحة الموجودة أعلى المعدة ؟,الفؤاد.
 ماذا يسمى صوت الثعبان ؟,فحيح.
 آي سورة في القرآن الكريم لا يوجد فيها حرف الميم؟,سورة الكوثر.
 من نام في فراش النبي ليلة الهجرة؟,علي بن أبى طالب.
 ما القارة التي تضم نصف سكان العالم؟,قارة آسيا.
 كم عدد ضربات القلب في الدقيقة؟,72-80 ضربة في الدقيقة.
 آيهما اكثر ليونة الذهب آم الفضة؟,الذهب.
 ما اصلب أنواع الحجارة؟,الجرافيت.
 من سيد الشهداء في أحد؟,حمزة بن عبد المطلب.
 من اصغر من قاد جيشاً إسلامياً؟,أسامة بن زيد.
 كم بسملة(بسم الله الرحمان الرحيم) في القرآن الكريم؟,114 بسملة.
 ما هي السورة التي تعادل قراءتها ثلث القرآن؟,سورة الإخلاص.
 من صاحب سر رسول الله صلى الله عليه وسلم في المنافقين؟,حذيفة بن اليمان
 كل الإمارات العربية المتحدة على الخليج العربى إلا واحدة فما هي؟,أم القبوين.
 ما المعجزة التي جاء بها النبي الصالح إلى قومه؟,معجزة الناقة.
 ما عدد المصاحف التي كتبت في عهد عثمان بن عفان؟,14 مصحف تقريباً.
 كم كان سن الرسول حين بعث؟,40 سنة.
 هل في القرآن آية تتألف من كلمة واحدة؟وفي أي سورة؟,مدهامتآن-سورة الرحمن.
 ما الأبيضان؟ وما الأصفران؟,الأبيضان هما السكر والملح-الأصفران هما الذهب و النحاس.
 ما عدد أجنحة البرغوث؟,لا يوجد أجنحة بل يمشي قفزاً.
 ما الاسم القديم للمحيط الأطلسى؟,بحر الظلمات.
 ما إسم الخنساء؟,تماضر بنت عمرو.
 ما أطول خلايا الجسم عمراً؟,الدماغ.
ما الذهب الأبيض؟,القطن
الذهب الأسود؟,البترول
الذهب الصفر؟,الذهب
 ما مسافة السفر المبيحة للفطر في رمضان؟,82 كم.
 أين يقع قبر صلاح الدين الأيوبى؟,دمشق.
 أيهما أسرع انتشارا الصوت أم الضوء؟,الضوء.
 ما اسم النهر الذى يربط سورية بلبنان؟,نهر العاصى.
 ماذا يسمى صوت البوم؟,نعيق
ماذا يسمى صوت الغراب؟,نعيق
كم أقام النبى بمكة بعد البعثة؟,أقام بمكة 12 عاما
كم أقام بالمدينة؟,أقام بالمدينة 11 عاماً
 من أم النبى إسماعيل عليه السلام؟,هاجر عليها السلام.
 امرأتان ضرب الله بهما مثلاً للذين آمنوا. من هما؟,امرأة فرعون- السيدة مريم عليها السلام.
 لماذا سميت عاصمة ليبيا طرابلس الغرب؟,لقربها من طرابلس الشام.
 من هو اكثر الناس إيذاء للرسول(ص)؟,عقبة بن معيط-أبو لهب-أبو جهل-عبد الله بن أُبي
 نبي تكلم وهو في المهد؟,سيدنا عيسى عليه السلام؟
 من هو قائد معركة عين جالوت؟,سيف الدين قطز
 ما أكبر البحيرات في قارة أفريقيا؟,فيكتوريا.
 ما هي أقوى عضلة في جسم الإنسان؟,القلب وتعمل بمتوسط عمر الإنسان 70 سنة تقريبا ً.
ما هو أذكى حيوان في العالم ؟,الدلفين
من التي لقبت على زمن رسول الله بآكلة الأكباد ؟,هند بنت عتبة
لماذا لا يعيش السمك في البحر الميت ؟,لأنه شديد الملوحة
ما أقرب الكواكب إلى الشمس ؟,عطارد
ما أبعد الكواكب عن الشمس ؟,بلوتو
إلى أي جهة يشير النجم القطبي ؟,إلى الشمال
كم عدد خطوط الطول ؟,360 خط
كم عدد دوائر العرض ؟,180 دائرة
كم قمرا تابعا للأرض ؟,قمر واحد
من أول من نزل على سطح الأرض من البشر ؟,سيدنا آدم وحواء
ما عاصمة ولاية ألاسكا ؟,جونو
 دولة كان اسمها العفار والعيسى ؟,جيبوتي
ما العاصمة العربية التي فتحها بطليموس الثاني وسماها فيلادلفيا ؟,عمان
صحابية سميتبذات النطاقين ؟,أسماء بنت أبي بكر
من أول رئيس أمريكي صار ابنه رئيس للولايات المتحدة ؟,جون آدمز
 ما هو العسجد؟,الذهب
 ما المادة الرئيسة التي يحتويها معجون الأسنان ؟,الفلوريد
من هو الذي كان يؤذي الرسول صلى الله عليه وسلم فذمه الله في القرآن ؟,أبو لهب
ما العاصمة العربية التي سميت بالمثلثة ؟,الخرطوم
 ما العاصمة العربية التي أطلق عليها اسم جلق ؟,دمشق
 بما يبحث علم الأثيولوجيا ؟,في سلوك الحيوانات
 أين ولد كريستوف كولومبس ؟,ولد في إيطاليا
 ما اللون الذي ترتاح له العين ؟,الأخضر
 بكم تكون قوة جاذبية الشمس أقوى من جاذبية الأرض ؟,ب 28 مرة
 ما أصل كلمة أستاذ ؟,فارسي
من هو العالم المسلم الملقب بحجة الإسلام ؟,الغزالي
ما الذي اخترعه ألفريد نوبل عام 1867 ؟,الديناميت
ما عاصمة بوركينا فاسو ؟,واغادوغو
 ما هو الشهد ؟,العسل
في أي مدينة توفي الشاعر نزار القباني ؟,لندن
 كم عدد إخوة سيدنا يوسف عليه السلام ؟,11 أخ
 أين أوصى نزار القباني أن يدفن ؟,دمشق
 ما هو البرج المائل في العالم ؟,برج بيزا
كم عدد اللغات الرسمية المستخدمة في الولايات المتحدة ؟,6 لغات
 ما المعركة التي انتصر فيها السلاجقة على جيش الروم ؟,ملازكرت
ما هي عاصمة تونس ؟,تونس
من هو الفيلسوف العربي المشهور بمقدمته ؟,ابن خلدون
 في أي سورة وردت آية الكرسي ؟,البقرة
ما هي جنسية المجاهد عمر المختار ؟,ليبي
من هو أصحاب الأيكة ؟,قوم شعيب
ما هي عاصمة الجزائر ؟,الجزائر
ما العملة الرئيسية في الجزائر ؟,الدينار
من هو آخر حاكم لقب بخليفة المسلمين ؟,عبد المجيد الثاني
من هو الذي قتل حمزة بن عبد المطلب ؟,وحشي بن حرب
 ما الدولة الوحيدة التي تستعمل الشنلغ كعملة لها ؟,النمسا
كم عدد أيام شهر فبراير في السنة الكبيسة ؟,29 يوم
من الذي ألف رواية الأيام؟,طه حسين
من الذي فتح صقلية ؟,أسد بن فرات
كم عدد الخلفاء الأمويين في الشام قبل انتقالها للأندلس ؟,14 خليفة
أين ظهرت الدولة الإدريسية ؟,المغرب
ماذا كانت عملة الكويت قبل الإستقلال ؟,الروبية
كم رجلا للنملة ؟,6 أرجل
من هو أول قاتل في الإسلام؟,قابيل
أين يقع سهل البقاع ؟,لبنان
كم عدد الدول العربية في آسيا ؟,12 دولة
ما هي العظمة الثالثة في الأذن بعد المطرقة والسندان ؟,الركاب
من أول مقتول في الإسلام ؟,هابيل
ما اليوم الذي فيه خلق آدم وفيه أدخل الجنة وفيه أخرج منها ؟,يوم الجمعة
ما هي عاصمة كازاخستان بعد 1997 ؟,أستانا
ما العملة الرسمية في ليبيا ؟,الدينار
أين ولد الملك سعود بن عبد العزيز ؟,الكويت
من هو ملك خزنة الجنة ؟,سيدنا رضوان
من هو سيد شباب الجنة ؟,سيدنا الحسين
من هو ملك خزنة النار ؟,سييدنا مالك
من هي سيدة نساء الجنة ؟,السيدة فاطمة الزهراء
كم عدد آيات سورة الكافرون ؟,6 آيات
في سورة الرحمن قال تعالى [ والنجم والشجر يسجدان] ما معنى كلمة النجم ؟,النجيلة
ما هي جنسية كارل ماركس ؟,ألماني
على أى بحر تطل مدينة صلالة العمانية ؟,بحر العرب
من الأديب العربي الذي فقد بصره وهو في الصغر من عمره ؟,أبو العلاء المعري
من هو الذي قتل الزبير بن العوام ؟,ابن جرموز
ما هي أكبر الحشرات الزاحفة ؟,الحشرة القلمية العملاقة
كم يبلغ طول أكبر الحشرات الزاحفة ؟,33 سم
أين يحمل العنكبوت المتوحش بيضه ؟,داخل جيب حريري
من هي الممثلة الأمريكية التي ماتت غرقا وهي تسبح في الليل عام 1981 ؟,ناتالي وود
كم يبلغ عدد النجوم في درب التبانة ؟,حوالي 100 بليون
ما الكوكب الذي أطلق عليه اسم كوكب الصدئ ؟,المريخ
ما الكوكب الأكثر حرارة ؟,كوكب الزهرة
 ما اسم الكوكب المليئ بالفوهات ؟,عطارد
 إلى أي درجة تصل حرارة كوكب الزهرة ؟,500 درجة مئوية
إلى أي درجة تصل برودة كوكب بلوتو ؟,240 درجة مئوية تحت الصفر
 متى حطت مركبة أمريكان فويجار على أورانس ؟,عام 1986
متى حطت مركبة أمريكان فويجار على نبتون ؟,عام 1989
 ما أكثر الكواكب برودة ؟,بلوتو
ما أبعد الكواكب عن الشمس ؟,بلوتو
 أقمار أي كوكب تشبه البطاطس ؟,كوكب المريخ
كم عدد أقمار المشتري ؟,16 قمر
كم تبلغ سرعة الصاروخ في الثانية ؟,11 كيلو متر
كم سنتيمتر يزيد طول الرواد في الفضاء عن طولهم الأصلي ؟,5 سم
ما الغاز الذي يغطي كوكب أورانس بلون أزرق يميل للأخضر ؟,غاز الميثان
ما أقرب النجوم لكوكب الأرض ؟,الشمس
ما أصل كلمة كوكب ؟,يوناني
ما أكبر الزواحف حجما ؟,تمساح المياه المالحة
ما هو الميسيسبي ؟,نهر
كم بيضة تضع ملكة النحل في اليوم الواحد ؟,3500 بيضة
ما الحشرة الملقبة بذات الدروع ؟,الخنفساء
ما الحشرة التي لها أعلى صوت في العالم ؟,السيكادا
ما الحشرة التي تلسع بذيلها ؟,العقرب
ما الحشرة التي تسبب الملاريا ؟,البعوضة
ماذا تسمى شجرة الصمغ في السودان ؟,الهشاب
ما هي أكبر أفعى في العالم ؟,الأناكودا
كم يبلغ طول أفعى الأناكودا ؟,10 أمتار
ما أكبر السحليات في العالم ؟,الكومودو
أين تعيش أصغر السحليات حجما ؟,في الهند الغربية
ما أكبر السحليات عمرا ؟,سلاحف البر
كم سنا للسلحفاة ؟,صفر من الأسنان
في أي كوكب تقع البقعة الحمراء الضخمة ؟,كوكب المشتري
متى نزل الإنسان على سطح القمر؟,عام1969
ما اسم الكوكب الذي له أضخم قمر ؟,المشتري
في أي دولة يوجد النهر الصناعي العظيم؟,في ليبيا
من هم القوم الذين جابوا الصخر بالوادي؟,قوم ثمود
كم تبلغ درجة خط الطول الأساسي(خط غرينتش) ؟,صفر درجة
من الذي كان قائد الفرس في معركة ذات السلاسل ؟,هرمز
من الذي كان قائد الفرس في معركة القادسية؟,رستم
ما الحيوانات التي جلبها الفرس في معركة القادسية ؟,الفيلة
من كان قائد جند العرب في معركة القادسية ؟,سعد بن أبي وقاص
ما هي عاصمة الفرس عند قيام معركة القادسية ؟,المدائن
من هو النبي الذي ابتلعه الحوت ؟,سيدنا يونس عليه السلام
 ما هي عملة الصومال ؟,الشان
ما هي عملة موريتانيا ؟,الأوقية
من أول من لقب بأمير المؤمنين ؟,سيدنا عمر بن الخطاب
بلد عربي يشتهر بالأهرامات ؟,مصر
ما آخر دولة انضمت لجامعة الدول العربية ؟,جزر القمر
متى بدأت الحرب العالمية الثانية ؟,عام 1939
ما أصل عمر بن الخيام ؟,فارسي
أين يوجد مقر محكمة العدل الدولية؟,لاهاي
أين تقع أكبر إهرامات في العالم ؟,مصر
 في أي بلد وقع زلزال أغادير ؟,المغرب
متى وقع زلزال أغادير؟,1960
على أي بحر تطل مدينة بنغازي ؟,البحر الأبيض المتوسط
من كان قائد المسلمين في فتح مكة ؟,الرسول صلى الله عليه وسلم
في أي عصر ظهر أول طير في التاريخ ؟,العصر الجوارسي
ماذا كان يطلق على التنين في بابل ؟,تيمات
ما أكبر محيطات العالم ؟,المحيط الهادي
أين يقع نهر اليرموك ؟,الأردن
نبي لقب بكليم الله ؟,سيدنا موسى عليه السلام
ما جنسية الشاعرة نازك الملائكة ؟,عراقية
 من هو رئيس جمهورية الصومال ؟,عبد القاسم صلاد
ما أشهر سفينة ذكرت في القرآن ؟,سفينة سيدنا نوح عليه السلام ؟
ما الدولة العربية الوحيدة التي تطل على البحرين الأحمر والأبيض ؟,مصر
 من هو النبي الذي ألقاه إخوته في البئر ؟,سيدنا يوسف
ما هو أول ركن يقوم به المسلم في الحج ؟,الإحرام
ما أول مسجد بنى فى الإسلام؟,مسجد قباء
كم يبلغ طول بيضة الديناصور؟,50سم تقريباً.
ما أول معركة خاضها المسلمون في البحر؟,ذات الصواري
ما هي جنسية العالم لويس باستر؟,فرنسي
متي تم استيطان أميركا الشمالية؟,عام 1582
ما نوع الفيل الذي لا يتأثر بالرصاص؟,الفيل الأفريقي
من هي الزوجة التي أنجبت القاسم للرسول صلي الله عليه وسلم؟,السيدة خديجة
ما السورة التي سميت بني إسرائيل؟,الإسراء
كم نجمة على علم أستراليا؟,6 نجوم
كم عدد البيض الذى تضعه الفراشة في حياتها؟,50000 بيضة
كم عدد دقات قلب الأرنب في الدقيقة ؟,150 دقة
كم يصل اتساع نهر النيل عند الدلتا؟,حوالي 160كم
خلف أي سد تقد بحيرة ناصر؟,السد العالي
أين يقع السد العالي؟,مصر
من أول من وضع حجر الأساس لمشروع النهر الصناعي العظيم ؟,معمر أل قذافي
في أي قارة يقع كهف ناجاما؟,قارة أستراليا
ما أول سورة نزلت في المدينة المنورة؟,البقرة
ما السورة التي سميت سورة المؤمن؟,غافر
كم عدد الغازات الأساسية في كوكب الأرض؟,غازين
ما أكثر الفلزات إنتشاراً في الطبيعة ؟,الحديد
كم عيناً للعنكبوت؟,8 عيون
كم يبلغ طول أكبر الديناصورات حجماً؟,28 متر
كم يبلغ طول أصغر الديناصورات حجماً؟,30سم
 ما إسم ذكر البط؟,علجوم
ما القارة الوحيدة التي لا توجد بها طائر النحام؟,أستراليا
في أي سنة عرف مرض الأيدز؟,1984
 ما نوع العناكب التي تأكل زوجها؟,العناكب السوداء
من هو النبى الذي طلب رؤية الله ولم يره؟,سيدنا موسى
منهي نسبة الجبال من اليابس؟,20%
كم عظمة في رأس الإنسان؟,24 عظمة
ما أول دولة احتفلت بعيد العمال؟,أمريكا
ما الكوكب الذي له قمر فضي؟,الأرض
كم يبلغ قطر كوكب المشتري؟,142600كم
كم تبلغ حرارة الشمس عند المركز ؟,15000000
ما الكوكب الذي لقب بالمطوق ؟,زحل
كم عدد حلقات زحل عند خط الاستواء؟,حلقتان
 ما الكوكب الذي لقب بنجمة السماء الساطعة ؟,الزهرة
ما اسم الغاز الذي يحتويه كوكب الزهرة بكثافة ؟,ثاني أكسيد الكربون
ما اسم قمري المريخ ؟,فوبوس وديموس
 ما اسم القمر الصناعي الذي أطلق عام 1960 ؟,إكو ستار
ماذا يسمى الجزء الملون من العين ؟,القزحية
ما الشيء الذي أوله في لبنان وآخره في إسطنبول ؟,حرف اللام
من هو والد السيدة مريم ؟,سيدنا عمران
من هي والدة السيدة مريم ؟,حنا
ما الغدد التي لا تتصل بأي قنوات وتضخ ما تفرزه مباشرة في الدم ؟,الغدد الصماء
ما المحيط التي تطل عليه مدينة نوا كشط ؟,المحيط الأطلسي
ما اللقب الذي أطلق على زوجات الرسول ؟,أمهات المؤمنين
 ما الأشعة التي تمتصها طبقة الأوزون ؟,فوق البنفسجية
أين نظمت أول بطولة لكأس الخليج ؟,البحرين
 ما الدولة العربية التي تقع في المحيط الهندي ؟,جزر القمر
 من هو الصحابي الذي لقب بأسد الله ؟,حمزة بن عبد المطلب
كم عدد الرجال الذين قتلهم حمزة في غزوة أحد ؟ 93,30 رجل
من هو الفارس الذي قتله علي بن أبي طالب في غزوة الأحزاب؟,عمر بن ود
 من هو الملك المكلف بقبض الأرواح ؟,سيدنا عزرائيل عليه السلام
مما خلق الله الملائكة ؟,من النور
كم عدد أشواط السعي بين الصفا والمروة؟,7 أشواط
ماذا يسمى ذكر البقرة ؟,الثور
كم عدد السنوات التي يستغرقها زحل في الدور دورة كاملة حول الشمس؟,29 عما ، 46 يوم
كم عدد أشواط الطواف حول الكعبة ؟,7 أشواط
في أي غزوة ظهرت شجاعة عبد الحمن بن عوف ؟,غزوة بدر
كم رجلا من الكفار قتل في غزوة أحد ؟,60 رجل
كم عدد رماة المسلمين في غزوة أحد ؟,50 راميا
من هو الملك الموكل بالنفخ في الصور يوم القيامة ؟,سيدنا إسرافيل عليه السلام
في أي غزوة استشهد حمزة بن عبد المطلب ؟,غزوة أحد
من هو الملك الموكل بتوزيع الأرزاق ؟,سيدنا ميكائيل
ما اسم العين التي تفجرت منها الماء لسيدنا إسماعيل عليه السلام ؟,بئر زمزم
مما خلق الله تعالى الجان ؟,من النار
زوجة لسيدنا إبراهيم هاجرت معه من العراق إلى فلسطين ؟,السيدة سارة
من هي أم السيدة سيدنا إسماعيل ؟,السيدة هاجر
من هو والد سيدنا سليمان ؟,سيدنا داوود
من هو النبي الملقب بأبو العرب ؟,سيدنا إسماعيل
إلى أي بلد يرجع أصل السيدة هاجر؟,مصر
من هو النبي الذي أنجبته السيدة سارة ؟,سيدنا إسحاق
 من هو الصحابي الملقب بالفاروق ؟,سيدنا عمر بن الخطاب
ما هو الحيوان الذي تحولت له عصا موسى عندما ألقاها ؟,الثعبان
من هو الملك الموكل بنمو النبات ؟,سيدنا ميكائيل عليه السلام
من هو القوم الذين أرسل الله إليهم موسى عليه السلام ؟,قوم فرعون
ما اللقب الذي أطلق على سيدنا لقمان ؟,الحكيم
كم عدد الملائكة الذين يحملون العرش؟,8 ملائكة
من أبو سيدنا إسحاق ؟,سيدنا إبراهيم
من هو أبو سيدنا يعقوب ؟,سيدنا إسحاق
من هو أبو سيدنا يعقوب ؟,سيدنا إسحاق
 من هو أبو سيدنا يوسف ؟,سيدنا يعقوب
من هو أبو سيدنا يحيى ؟,سيدنا زكرياء
من هو النبي الملقب بخليل الله ؟,سيدنا إبراهيم
من هو الصحابي الملقب بسيد الشهداء ؟,سيدنا حمزة بن عبد المطلب
كوكبين من المجموعة الشمسية لقبا بالتوأمين ؟,أورانس ونبتون
إلى أي قوم أرسل سيدنا صالح ؟,قوم ثمود
من هو وزير فرعون الذي ذكر في القرآن ؟,هامان
بما عذب الله تعالى قوم نوح ؟,بالطوفان
ما اسم زوجة فرعون ؟,آسيا
من الصحابية الملقبة بأم الشهداء ؟,الخنساء تماضر بنت عمرو
في أي معركة استشهد أولاد الخنساء الأربعة ؟,القادسية
 ما الإسم الحقيقي لأبو جهل ؟,عمرو بن هشام
ما هي الصلاة التي قتل في أثناءها عمر بن الخطاب ؟,صلاة الفجر
في أي بلد ولد سيدنا موسى عليه السلام ؟,مصر
ما الإسم الحقيقي لأبو سفيان ؟,صخر بن حرب
ما الإسم الحقيقي لأبو لهب ؟,عبد العزى بن عبد المطلب
 ما البحر الذي تطل عليه المغرب ؟,البحر المتوسط
 ما المحيط الذي تطل عليه المغرب ؟,المحيط الأطلسي
في أي قارة توجد الصحراء الكبرى ؟,في أفريقيا
من أول طبيب قام بربط الشريان لمنع النزيف ؟,الزهراوي
ما أقدم عاصمة في العالم ؟,دمشق
ما رمز وكالة الأنباء الخليجية ؟,واخ
أين يقع ملعب ماركوانا لكرة القدم ؟,البرازيل
ما رمز وكالة الأنباء الجزائرية ؟,واج
كم جناحا للفراشة ؟,4 أجنحة
 ما رمز وكالة الأنباء الكويتية ؟,كونا
 مارمز وكالة أنباء الإمارات ؟,وام
أين توجد مدينة صفاقس ؟,تونس
 أين يصب نهر الأردن ؟,البحر الميت
ماذا يسمى الفيروس المسبب لمرض الإيدز ؟,اتش أي في (hiv)
ما اسم أم الرسول صلى الله عليه وسلم ؟,آمنة بنت وهب
كم يبلغ طول الأمعاء الدقيقة ؟,6 أمتار
أين تقع مدينة العين ؟,الإمارات
كم دولة تشترك بحدودها مع السودان ؟,9 دول
ما أشهر الدول العالمية في صناعة الساعات ؟,سويسرا
في أي قارة تقع جبال أطلس ؟,أفريقيا
من هو أصغر قائد في الإسلام ؟,أسامة بن زيد
من هو النبي أخو سيدنا موسى عليه السلام ؟,سيدنا هارون
 ما اسم الكتاب الذي نزل على سيدنا داوود ؟,الزبور
 كم سنة عاش سيدنا عاش سيدنا إدريس ؟,83 سنة
 كم سنة عاش سيدنا هود ؟,150 سنة
كم سنة عاش سيدنا صالح ؟,58 سنة
 كم سنة عاش سيدنا لوط ؟,175 سنة
كم سنة عاش سيدنا إسحاق ؟,147 سنة
 كم سنة عاش سيدنا داوود ؟,70 سنة
 كم سنة عاش سيدنا أيوب ؟,92 سنة
 كم سنة عاش سيدنا ذو الكفل ؟,75 سنة
 كم سنة عاش سيدنا هارون ؟,122 سنة
 كم سنة عاش سيدنا سليمان ؟,53 سنة
 كم سنة عاش سيدنا زكرياء ؟,120 سنة
 كم سنة عاش سيدنا يحيى ؟,30 سنة
كم سنة عاش سيدنا إبراهيم ؟,175 سنة
كم سنة عاش سيدنا موسى ؟,120 سنة
 من هو أصغر نبي عمرا ؟,سيدنا يحيى
من الذي كسر أنف أبو الهول ؟,نابليون بونابارت
ما اسم النبي الذي يبدأ اسمه بحرف الدال وينتهي به ؟,سيدنا داوود
 ما اسم النبي الذي يبدأ اسمه بحرف الياء وينتهي به ؟,سيدنا يحيى
 ما نوع الحيوانات التي لم تركب في سفينة نوح ؟,الحيوانات البحرية
كم بابا للجنة ؟,7 أبواب
ما هو لون علم ليبيا ؟,أخضر
من هو القائد الذي نشر في ربوع فلسطين السلام والإسلام ؟,عمرو بن العاص
 كم قاطعا في فم الإنسان ؟,8 قواطع
 كم نابا في فم الإنسان ؟,4 أنياب
 كم ضرسا في فم الإنسان ؟,20 ضرس
ما العصارة التي تفرزها المعدة ؟,العصارة المعدية
 ما العصارة التي يفرزها البنكرياس ؟,العصارة البنكرياسية
 ما السلطنة الوحيدة في الوطن العربي؟,سلطنة عمان
ما رمز وكالة الأنباء السعودية ؟,واس
ما رمز وكالة الأنباء السورية؟,سانا
ما العصمة القديمة لتركيا ؟,اسطنبول
ما العاصمة الحالية لتركيا ؟,أنقرة
 كم عظمة في جمجمة الإنسان ؟,22 عظمة
ما الحيوان الذي كان ينام مع أصحاب الكهف ؟,الكلب
 ما اسم الوادي الذي يمتد من البحر الميت حتى خليج العقبة؟,وادي عربة
 ما رمز وكالة الأنباء الفلسطينية ؟,وفا
من كان رئيس جيبوتي عام 2000 ؟,إسماعيل غيلية
كم سنة حكم الإستعمار الفرنسي الجزائر ؟,132 سنة
متى تغير لون علم قطر من الأحمر إلى القرمزي ؟,1949
من هو مؤسس مدينة فاس ؟,إدريس الأزهر
من هم الذين اخترعوا البارود ؟,الصينيون
من هو مؤلف كتاب الحيوان ؟,الجاحظ
من هي زوجة الرسول التي كانت تلقب بالحميراء ؟,عائشة بنت أبي بكر
ما الصوت الذي يصدره المريض ؟,أنين
في أي سنة هجرية تمت حجة الوداع ؟,السنة العاشرة للهجرة
كم دولة عربية في أفريقيا ليس عملتها الريال ؟,10 دول
كم دولة عربية عملتها الرسمية الفرنك ؟,دولتان
ما عاصمة ولاية نيويورك؟,ألباني
ما مدة دوران المشتري حول نفسه ؟,9:55 دقيقة
ما اسم أسرع كوكب يدور حول نفسه ؟,المشتري
ما عاصمة إيران ؟,طهران
ما عاصمة الصين ؟,بكين
ما عاصمة السنغال ؟,داكار
ما عاصمة ليبيا قبل طرابلس ؟,بنغازي
ما عاصمة تركيا ؟,أنقرة
ما عاصمة روسيا ؟,موسكو
ما عاصمة السويد ؟,استكهولم
ما عاصمة إسبانيا ؟,مدريد
ما عاصمة المكسيك ؟,مكسيكو سيتي
ما عاصمة الدانمرك ؟,كوبنهاغن
كم دولة في العالم تنتج الذهب ؟,50 دولة
ما أشهر دولة في إنتاج الذهب ؟,جنوب أفريقيا
كم تبلغ نسبة الذهب في جسم الإنسان ؟,7 مليجرامات
أين يوجد تمثال الحرية ؟,نيويورك
من الذي أسس مدينة القسطاط بمصر ؟,عمرو بن العاص
من هو مؤسس مدينة المهدبة في تونس ؟,حسان بن النعمان
من هو مؤسس مدينة بغداد ؟,أبو جعفر المنصور
من الذي فاز بكأس أوروبا لكرة القدم عام 1960 ؟,الإتحاد السوفيتي
أين يوجد حائط البراق ؟,فلسطين
كم سنة عاشت السيدة جورية بنت الحارث ؟,65 سنة
من هو خاتم أنبياء بني إسراءيل ؟,سيدنا عيسى عليه السلام
متى كانت مجزرة صبرا وشاتيلا ؟,عام 1982
ما أكبر جزر البحر المتوسط ؟,صقلية
من هو آخر الخلفاء العباسيين ؟,المستعصم
في أي نهر ألقي سيدنا موسى بالصندوق ؟,نهر النيل
ما اسم الكوكب الذي يغطي الماء معظم مساحته ؟,الأرض
من هو مكتشف جرثومة السل الرئوي ؟,روبرت كوخ
لماذا لقب شاعر المعلقات ميمون بن قيس بالأعشى ؟,لضعف بصره
ما اسم أصغر محيطات العالم ؟,المحيط المتجمد الشمالي
كم محيطا في العالم ؟,5 محيطات
ما أقدم ساعات العالم ؟,الساعة الشمسية
كم أسبوعا يستغرق القمر للدوران حول الأرض ؟,4 أسابيع تقريبا
أين اخترعت الساعة الشمسية ؟,في مصر
من هم القوم الذين أنزل الله عليهم المن والسلوى ؟,بني إسراءيل
من هو مكتشف البنسلين ؟,ألكسندر فليمنغ
متى أنشئ أول مسجد في فرنسا ؟,1926
في أي دولة توجد أكبر ساعة في العالم ؟,فرنسا
في أي عام بنيت هجري بنيت قبة الصخرة ؟,عام 72 هجري
س من هو الخليفة الأموي الذي بنى قبة الصخرة ؟,ج عبد الملك بن مروان
في أي مدينة ولد اليوناردو دافينشي ؟,فلورنسا
ماذا يسمى صوت الدجاج ؟,نقنقة
في أي عام اكتشف كريستوف كولمبس أمريكا ؟,عام 1492
من أول من استخرج المطاط من الأشجار ؟,الصينيون القدماء
ما هو أثقل المعادن؟,الإيريديوم
متى أكتشف الإيريديوم ؟,عام1804
ما أكبر جزر العالم مساحة ؟,جزيرة جيريلاند
من هي زوجة أبو سفيان ؟,هند بنت عتبة
ماذا يسمى ابن الحصان ؟,المهر
من هو صاحب معجم لسان العرب ؟,ابن منظور
كم عدسة تتكون منها عين الفراشة ؟,17 ألف عدسة
ما اسم المخلوق الوحيد الذي ينام على ظهره ؟,الإنسان
كم غدة يحتويها جلد الزواحف ؟,لا يوجد غدد
متى ترجم كتاب القانون لإبن سينا للغة اللاتينية ؟,1187
متى تم اكتشاف أن للكون مجرات ؟,عام1924
في أي مدينة ولد الموسيقار الألماني بيت هوفن ؟,بون
في أي ولاية أمريكية قتل الرئيس جون كيندي ؟,تكساس
متى أصبح الأمير عبدالله بن عبد العزيز وليا للعهد في المملكة السعودية؟,عام1982
ما اسم أول دولة عربية أحرزت كأس آسيا لكرة القدم ؟,الكويت
من أول من كتب لا إله إلا الله محمد رسول الله على العملة ؟,الحجاج بن يوسف الثقافي
ما المدة التي يتحمل فيها العقرب العطش ؟,3 سنوات
من هو الشخص الذي تبت يداه في القرآن الكريم ؟,أبو لهب
كم خلية عصبية يحتويها مخ الإنسان ؟,13 مليار خلية
أين ولد عزالدين القسام ؟,سوريا
متى ولد عزالدين القسام ؟,1871
في أي عام استشهد عزالدين القسام ؟,عام 1935
ما المدينة الأوروبية الملقبة بعاصمة الضباب ؟,لندن
من الذي فاز بكأس العالم عام 1986 ؟,الأرجنتين
من الذي فاز بكأس أفريقيا عام 1996 ؟,جنوب أفريقيا
ما عاصمة مالي ؟,تمبكتو
كم دولة عربية شاركت بنهائيات كأس العالم عام 1982 ؟,دولتان
ما الفيتامين الرئيشي الذي يساعد على تخثر الدم في حالة تعرض الجسم للجرح ؟,فيتامين k
ماذا نسمي لمعان ضوء البرق ؟,وميض
ما أصل كلمة فلسفة ؟,يوناني
من هو البحار العربي الذي ساعد فاسكو داجاما في رحلته الشهيرة؟,ابن ماجد
ما البلد التي لا تضع اسمها على طوابع البريد ؟,بريطانيا
ما وظيفة الطحال ؟,تكوين كريات الدم الحمراء
ما عاصمة تنزانيا ؟,دار السلام
كم يكون وزن الإنسان على القمر إذا كان وزنه على الأرض 60 كيلو؟,10 كيلو
ماذا كانت تسمى دولة البحرين قديما ؟,أوال
أيهما أملح البحر الأحمر أم المتوسط ؟,البحر الأحمر
ما جنسية الشاعر أبو القاسم الشابي ؟,تونسي
ما جمع كلمة دلو ؟,دلاء
ما هو أبرد جسم في المجموعة الشمسية ؟,قمر كوكب نبتون (ترايتون)
ما جمع كامة ببغاء؟,ببغاوات
كم تصل درجة برودة قمر نبتون (ترايتون) ؟,236 درجة تحت الصفر
متى عبر المحيط الأطلسي بالطائرة لأول مرة ؟,1927
ما اسم البحر الذي يفصل بين انجلترا وفرنسا ؟,بحر المانش
س – أين أقيم كأس أفريقيا لكرة القدم عام 1998 ؟,ج- بوركينا فاسو
س- من الذي فاز بكأس أفريقيا عام عام 1998 ؟,ج - مصر
من الذي لقب بالمعلم الأول ؟,ارسطو
من هو صاحب لقب المعلم الثاني ؟,الفارابي
من هو صاحب قصة حي بن يقظان ؟,ابن طفيل
ما ثالث أكبر قارة من حيث المساحة ؟,أفريقيا
ما هي رابع أكبر قارات العالم من حيث المساحة ؟,أوروبا
ما هي ثاني أكبر قارات العالم من حيث المساحة ؟,أمريكا
ماذا كانت تسمى أستراليا قديما ؟,أوقينيا
ما اسم أكبر جزيرة في أستراليا ؟,أستراليا
أين يوجد أطول نفق في العالم ؟,سويسرا
أين يوجد أكبر مصنع فبي العالم ؟,الكويت
في أي سورة قرآنية ذكر سيدنا زيد بن حارثة ؟,الأحزاب
كم سنة عاشت أم المؤمنين زينب بنت جحش ؟,53 سنة
من هي أم المؤمنين التي كانت أول من توفيت بعد الرسول الكريم ؟,السيدة زينب بنت جحش
متى اخترع مقياس الزلازل ؟,عام 132 م
في أي عصر عرف الإنسان صيد الأسماك ؟,العصر الحجري
من هو أول سفراء الإسلام ؟,مصعب بن عمير
ما هو لقب مصعب بن عمير بين المسلمين ؟,مصعب الخير
ما اسم أم مصعب بن عمير ؟,خناس بنت مالك
في أي غزوة استشهد مصعب بن عمير ؟,غزوة أحد
كم كان جيش قريش يوم الخندق ؟,24 ألف مقاتل
من هو الصحابي الملقب بأمير المدائن ؟,سلمان الفارسي
من هو الصحابي الملقب بمزعج الأصنام ؟,بلال بن رباح
من هو آخر الصحابة رحيلا عن الدنيا ؟,أنس بن مالك
في أي مدينة توفي أنس بن مالك ؟,البصرة
في أي سنة هجرية توفي أنس بن مالك ؟,91 للهجرة
من هو بطل معركة القادسية ؟,سعد بن الوقاص
من الملقب بفاتح المدائن ؟,سعد بن أبي وقاص
من الذي لقب بأنه أعلم رجل من أمة محمد بالحلال والحرام ؟,معاذ بن جبل
من الذي لقب بأول فرسان العالم ؟,المقداد بن عمرو
من أول صادح بالقرآن ؟,عبد الله بن مسعود
كم تبلغ مساحة سلطنة عمان ؟,220 ألف كم مربع
كم تبلغ مساحة قطر ؟,11437 كم مربع
متى نالت السودان استقلالها ؟,عام 1955
كم تبلغ مساحة السودان ؟,مليونين ونصف كم مربع
في أي سنة توفي خباب بن الأرث ؟,37 للهجرة
من هو الصحابي الذي كان أول من لقب بأمير الأمراء؟,أبو عبيدة بن الجراح
من هو أول مسلم دفن بالبقيع ؟,عثمان بن معظون
في أي غزوة استشهد زيد بن حارثة ؟,غزوة مؤتة
في أي غزوة استشهد جعفر بن أبي طالب ؟,غزوة مؤتة
في أي غزوة استشهد عبد الله بن رواحة ؟,غزوة مؤتة
من هو أول أمراء غزوة مؤتة ؟,زيد بن حارثة
من هو ثاني أمراء غزوة مؤتة ؟,جعفر بن أبي طالب
من هو ثالث أمراء غزوة مؤتة ؟,عبد الله بن رواحة
أين يقع قبر سيدنا خالد بن الوليد ؟,في حمص – سوريا
من هو شيطان الجاهلية ؟,عمير بن وهب
من هو صقر يوم اليمامة ؟,زيد بن الخطاب
من هو حواري الإسلام ؟,عمير بن وهب
من هو صقر يوم أحد ؟,طلحة بن عبيد الله
ماذا كان يسمى أبو هريرة في الجاهلية ؟,عبد شمس
